,ID
0,f3ec1a5e310c83ba8f0450e408c0808fdb0a18de
1,ecbd3009664d8378cc8fb96f7877bc44cf874cb4
2,ea2d44d88f29ffe10a80be76548c7a63ef05db30
3,e7d871dded65925f6bc12e1340dd9ad471ce5033
4,90b72a5fc9bf80f8bbb9c1eb5abd48bd345e290c
5,74c2f599f2f666c9b22adada3ce9a6c164653809
6,f4686be33a010143641425b309049560a39d66b1
7,96364903e728d952d53c580b8f22d25ab7de33b5
8,d0c0902a0a22a7eb07633034c660be01eb29cc9c
9,77e334b6d04bc8cdac5bd012a9a427f8d2b41443
10,a6df7e7ec10b19eb5764620c8e734b14cdbafa6e
11,091d1104584635e2a8230cfa9ad7bd8bcd2a25f6
12,a0983570aec02b5c247d210ca30fa48e9fb3b171
13,a267443dadce1f7dbbbdf8c7ed067e4b5d3a20d5
